"Year","type_name","geo_name","id","Candidate","Party","Votes","Winner"
"2018","State Representative","DISTRICT 1",1,"RODNEY D MONTOYA","REP",8512,"Winner"
"2018","State Representative","DISTRICT 10",10,"G ANDRES ROMERO","DEM",4927,"Winner"
"2018","State Representative","DISTRICT 11",11,"JAVIER I MARTINEZ","DEM",9875,"Winner"
"2018","State Representative","DISTRICT 12",12,"PATRICIO R RUILOBA","DEM",4326,"Winner"
"2018","State Representative","DISTRICT 13",13,"PATRICIA A ROYBAL CABALLERO","DEM",4749,"Winner"
"2018","State Representative","DISTRICT 14",14,"MIGUEL P GARCIA","DEM",5370,"Winner"
"2018","State Representative","DISTRICT 15",15,"DAYAN M HOCHMAN","DEM",6583,"Winner"
"2018","State Representative","DISTRICT 15",15,"BRAD WINTER","REP",6043,""
"2018","State Representative","DISTRICT 16",16,"ANTONIO 'MOE' MAESTAS","DEM",7694,"Winner"
"2018","State Representative","DISTRICT 17",17,"DEBORAH A ARMSTRONG","DEM",7027,"Winner"
"2018","State Representative","DISTRICT 17",17,"RAY L GALLEGOS","REP",3789,""
"2018","State Representative","DISTRICT 18",18,"GAIL CHASEY","DEM",9677,"Winner"
"2018","State Representative","DISTRICT 19",19,"SHERYL M WILLIAMS STAPLETON","DEM",7944,"Winner"
"2018","State Representative","DISTRICT 2",2,"JAMES RJ STRICKLER","REP",5437,"Winner"
"2018","State Representative","DISTRICT 20",20,"ABBAS A AKHIL","DEM",5896,"Winner"
"2018","State Representative","DISTRICT 20",20,"JIM DINES","REP",5781,""
"2018","State Representative","DISTRICT 21",21,"DEBRA MARIE SARINANA","DEM",4077,"Winner"
"2018","State Representative","DISTRICT 22",22,"JESSICA P VELASQUEZ","DEM",8058,""
"2018","State Representative","DISTRICT 22",22,"GREGG WILLIAM SCHMEDES","REP",8198,"Winner"
"2018","State Representative","DISTRICT 23",23,"DAYMON B ELY","DEM",7294,"Winner"
"2018","State Representative","DISTRICT 23",23,"BRENDA DIANE BOATMAN","REP",5472,""
"2018","State Representative","DISTRICT 24",24,"ELIZABETH L THOMSON","DEM",6734,"Winner"
"2018","State Representative","DISTRICT 24",24,"TREY STEPHEN MORRIS","REP",4872,""
"2018","State Representative","DISTRICT 25",25,"CHRISTINE TRUJILLO","DEM",8081,"Winner"
"2018","State Representative","DISTRICT 25",25,"JOAN ANTOINETTE MARENTES","REP",3644,""
"2018","State Representative","DISTRICT 26",26,"GEORGENE LOUIS","DEM",4313,"Winner"
"2018","State Representative","DISTRICT 27",27,"WILLIAM B PRATT","DEM",7199,"Winner"
"2018","State Representative","DISTRICT 27",27,"ROBERT S GODSHALL","REP",7006,""
"2018","State Representative","DISTRICT 28",28,"MELANIE ANN STANSBURY","DEM",7335,"Winner"
"2018","State Representative","DISTRICT 28",28,"JIMMIE C HALL","REP",6326,""
"2018","State Representative","DISTRICT 29",29,"JOY I GARRATT","DEM",7296,"Winner"
"2018","State Representative","DISTRICT 29",29,"DAVID E ADKINS","REP",6184,""
"2018","State Representative","DISTRICT 3",3,"MARY P SCHILDMEYER","DEM",1817,""
"2018","State Representative","DISTRICT 3",3,"PAUL C BANDY","REP",6225,"Winner"
"2018","State Representative","DISTRICT 30",30,"NATALIE R FIGUEROA","DEM",6773,"Winner"
"2018","State Representative","DISTRICT 30",30,"JOHN L JONES","REP",4898,""
"2018","State Representative","DISTRICT 31",31,"WILLIAM ARNOLD WILEY JR","LIB",5377,""
"2018","State Representative","DISTRICT 31",31,"WILLIAM R REHM","REP",9675,"Winner"
"2018","State Representative","DISTRICT 32",32,"CANDIE G SWEETSER","DEM",4846,"Winner"
"2018","State Representative","DISTRICT 32",32,"LAURA C BOYD","REP",2721,""
"2018","State Representative","DISTRICT 33",33,"MICAELA LARA CADENA","DEM",5781,"Winner"
"2018","State Representative","DISTRICT 33",33,"CHARLES R WENDLER","REP",3061,""
"2018","State Representative","DISTRICT 34",34,"RAYMUNDO LARA","DEM",4635,"Winner"
"2018","State Representative","DISTRICT 35",35,"ANGELICA RUBIO","DEM",5778,"Winner"
"2018","State Representative","DISTRICT 35",35,"JONATHAN KYLE ALLEN","REP",3159,""
"2018","State Representative","DISTRICT 36",36,"NATHAN P SMALL","DEM",5262,"Winner"
"2018","State Representative","DISTRICT 36",36,"DAVID H TOFSTED","REP",3442,""
"2018","State Representative","DISTRICT 37",37,"JOANNE J FERRARY","DEM",7741,"Winner"
"2018","State Representative","DISTRICT 37",37,"BEV COURTNEY","REP",5219,""
"2018","State Representative","DISTRICT 38",38,"KAREN C WHITLOCK","DEM",5593,""
"2018","State Representative","DISTRICT 38",38,"REBECCA L DOW","REP",6634,"Winner"
"2018","State Representative","DISTRICT 39",39,"RODOLPHO S MARTINEZ","DEM",5282,"Winner"
"2018","State Representative","DISTRICT 39",39,"LEE S COTTER","REP",3812,""
"2018","State Representative","DISTRICT 4",4,"ANTHONY ALLISON","DEM",4111,"Winner"
"2018","State Representative","DISTRICT 4",4,"SHARON E CLAHCHISCHILLIAGE","REP",3766,""
"2018","State Representative","DISTRICT 40",40,"JOSEPH L SANCHEZ","DEM",8277,"Winner"
"2018","State Representative","DISTRICT 40",40,"T TWEETI BLANCETT","IND",1973,""
"2018","State Representative","DISTRICT 41",41,"SUSAN K HERRERA","DEM",7939,"Winner"
"2018","State Representative","DISTRICT 42",42,"ROBERTO 'BOBBY' JESSE GONZALES","DEM",10433,"Winner"
"2018","State Representative","DISTRICT 43",43,"CHRISTINE CHANDLER","DEM",8311,"Winner"
"2018","State Representative","DISTRICT 43",43,"LISA SHIN","REP",5076,""
"2018","State Representative","DISTRICT 44",44,"BENTON HOWELL","DEM",6712,""
"2018","State Representative","DISTRICT 44",44,"JANE E POWDRELL-CULBERT","REP",8116,"Winner"
"2018","State Representative","DISTRICT 45",45,"JIM R TRUJILLO","DEM",9590,"Winner"
"2018","State Representative","DISTRICT 46",46,"ANDREA D ROMERO","DEM",8624,"Winner"
"2018","State Representative","DISTRICT 46",46,"HEATHER NORDQUIST (write in)","DEM",2865,""
"2018","State Representative","DISTRICT 47",47,"BRIAN F EGOLF JR","DEM",14481,"Winner"
"2018","State Representative","DISTRICT 48",48,"LINDA M TRUJILLO","DEM",10759,"Winner"
"2018","State Representative","DISTRICT 49",49,"GAIL 'MISSY' ARMSTRONG","REP",7498,"Winner"
"2018","State Representative","DISTRICT 5",5,"DOREEN W JOHNSON","DEM",6468,"Winner"
"2018","State Representative","DISTRICT 50",50,"MATTHEW MCQUEEN","DEM",7490,"Winner"
"2018","State Representative","DISTRICT 50",50,"JARRATT APPLEWHITE","IND",5222,""
"2018","State Representative","DISTRICT 51",51,"JEFF SWANSON","DEM",3045,""
"2018","State Representative","DISTRICT 51",51,"RACHEL A BLACK","REP",5486,"Winner"
"2018","State Representative","DISTRICT 52",52,"DOREEN YBARRA GALLEGOS","DEM",4553,"Winner"
"2018","State Representative","DISTRICT 52",52,"DAVID L CHEEK","REP",2293,""
"2018","State Representative","DISTRICT 53",53,"WILLIE A MADRID","DEM",2425,"Winner"
"2018","State Representative","DISTRICT 53",53,"RICKY L LITTLE","REP",2134,""
"2018","State Representative","DISTRICT 54",54,"JAMES G TOWNSEND","REP",6773,"Winner"
"2018","State Representative","DISTRICT 55",55,"CATHRYNN N BROWN","REP",7755,"Winner"
"2018","State Representative","DISTRICT 56",56,"ZACH J COOK","REP",6646,"Winner"
"2018","State Representative","DISTRICT 57",57,"BILLIE ANN HELEAN","DEM",5033,""
"2018","State Representative","DISTRICT 57",57,"JASON CARL HARPER","REP",5250,"Winner"
"2018","State Representative","DISTRICT 58",58,"CANDY SPENCE EZZELL","REP",3857,"Winner"
"2018","State Representative","DISTRICT 59",59,"CARL M SWINNEY","LIB",2376,""
"2018","State Representative","DISTRICT 59",59,"GREG NIBERT","REP",7862,"Winner"
"2018","State Representative","DISTRICT 6",6,"ELISEO LEE ALCON","DEM",5876,"Winner"
"2018","State Representative","DISTRICT 60",60,"ALEXIS JIMENEZ","DEM",5468,""
"2018","State Representative","DISTRICT 60",60,"TIM D LEWIS","REP",6124,"Winner"
"2018","State Representative","DISTRICT 61",61,"DAVID M GALLEGOS","REP",3530,"Winner"
"2018","State Representative","DISTRICT 62",62,"LARRY R SCOTT","REP",6561,"Winner"
"2018","State Representative","DISTRICT 63",63,"GEORGE DODGE JR","DEM",2955,""
"2018","State Representative","DISTRICT 63",63,"MARTIN RUBEN ZAMORA","REP",2982,"Winner"
"2018","State Representative","DISTRICT 64",64,"RANDAL S CROWDER","REP",5687,"Winner"
"2018","State Representative","DISTRICT 65",65,"DERRICK J LENTE","DEM",6359,"Winner"
"2018","State Representative","DISTRICT 66",66,"PHELPS ANDERSON","REP",6802,"Winner"
"2018","State Representative","DISTRICT 67",67,"MARK D MCDONALD","DEM",3549,""
"2018","State Representative","DISTRICT 67",67,"JACKEY O CHATFIELD","REP",5842,"Winner"
"2018","State Representative","DISTRICT 68",68,"KAREN C BASH","DEM",6872,"Winner"
"2018","State Representative","DISTRICT 68",68,"MONICA C YOUNGBLOOD","REP",4978,""
"2018","State Representative","DISTRICT 69",69,"HARRY GARCIA","DEM",5721,"Winner"
"2018","State Representative","DISTRICT 7",7,"LEROY BACA","DEM",3576,""
"2018","State Representative","DISTRICT 7",7,"KELLY K FAJARDO","REP",4294,"Winner"
"2018","State Representative","DISTRICT 70",70,"TOMAS E SALAZAR","DEM",6927,"Winner"
"2018","State Representative","DISTRICT 8",8,"MARY JO JARAMILLO","DEM",4321,""
"2018","State Representative","DISTRICT 8",8,"ALONZO BALDONADO","REP",6398,"Winner"
"2018","State Representative","DISTRICT 9",9,"PATRICIA 'PATTY' A LUNDSTROM","DEM",5322,"Winner"
"2018","United States Senator","United States Senator",1,"MARTIN T HEINRICH","DEM",376998,"Winner"
"2018","United States Senator","United States Senator",1,"GARY E JOHNSON","LIB",107201,""
"2018","United States Senator","United States Senator",1,"MICK RICH","REP",212813,""
"2018","United States Representative","DISTRICT 1",2,"DEBRA A HAALAND","DEM",147336,"Winner"
"2018","United States Representative","DISTRICT 1",2,"LLOYD J PRINCETON","LIB",11319,""
"2018","United States Representative","DISTRICT 1",2,"JANICE E ARNOLD-JONES","REP",90507,""
"2018","United States Representative","DISTRICT 2",3,"XOCHITL TORRES SMALL","DEM",101489,"Winner"
"2018","United States Representative","DISTRICT 2",3,"YVETTE HERRELL","REP",97767,""
"2018","United States Representative","DISTRICT 3",4,"BEN R LUJAN","DEM",155201,"Winner"
"2018","United States Representative","DISTRICT 3",4,"CHRISTOPHER MANNING","LIB",13265,""
"2018","United States Representative","DISTRICT 3",4,"JERALD STEVE MCFALL","REP",76427,""
"2018","Governor and Lieutenant Governor","Governor and Lieutenant Governor",1,"STEVE PEARCE AND MICHELLE GARCIA HOLMES","REP",298091,""
"2018","Governor and Lieutenant Governor","Governor and Lieutenant Governor",1,"MICHELLE LUJAN GRISHAM AND HOWIE C MORALES","DEM",398368,"Winner"
"2018","Judge of the Court of Appeals Position 3","Judge of the Court of Appeals Position 3",10,"BRIANA H ZAMORA","DEM",390971,"Winner"
"2018","Judge of the Court of Appeals Position 3","Judge of the Court of Appeals Position 3",10,"EMIL J KIEHNE","REP",285554,""
"2018","Judge of the Court of Appeals Position 4","Judge of the Court of Appeals Position 4",11,"MEGAN P DUFFY","DEM",367522,"Winner"
"2018","Judge of the Court of Appeals Position 4","Judge of the Court of Appeals Position 4",11,"DANIEL JOSE GALLEGOS","REP",306814,""
"2018","Judge of the Court of Appeals Position 5","Judge of the Court of Appeals Position 5",12,"JENNIFER L ATTREP","DEM",466482,"Winner"
"2018","Secretary of State","Secretary of State",2,"MAGGIE TOULOUSE OLIVER","DEM",399134,"Winner"
"2018","Secretary of State","Secretary of State",2,"GINGER G GRIDER","LIB",34527,""
"2018","Secretary of State","Secretary of State",2,"GAVIN S CLARKSON","REP",257306,""
"2018","State Auditor","State Auditor",3,"WAYNE A JOHNSON","REP",291714,""
"2018","State Auditor","State Auditor",3,"BRIAN S COLÓN","DEM",395714,"Winner"
"2018","State Treasurer","State Treasurer",4,"TIM EICHENBERG","DEM",394780,"Winner"
"2018","State Treasurer","State Treasurer",4,"ARTHUR L CASTILLO","REP",286822,""
"2018","Attorney General","Attorney General",5,"A BLAIR DUNN","LIB",32931,""
"2018","Attorney General","Attorney General",5,"MICHAEL EUGENE HENDRICKS","REP",231296,""
"2018","Attorney General","Attorney General",5,"HECTOR BALDERAS","DEM",427583,"Winner"
"2018","Commissioner of Public Lands","Commissioner of Public Lands",6,"STEPHANIE GARCIA RICHARD","DEM",352335,"Winner"
"2018","Commissioner of Public Lands","Commissioner of Public Lands",6,"PATRICK H LYONS","REP",297379,""
"2018","Commissioner of Public Lands","Commissioner of Public Lands",6,"MICHAEL G LUCERO","LIB",39791,""
"2018","Justice of the Supreme Court","Justice of the Supreme Court",7,"MICHAEL E VIGIL","DEM",403573,"Winner"
"2018","Justice of the Supreme Court","Justice of the Supreme Court",7,"GARY L CLINGMAN","REP",278502,""
"2018","Judge of the Court of Appeals Position 1","Judge of the Court of Appeals Position 1",8,"KRISTINA BOGARDUS","DEM",370314,"Winner"
"2018","Judge of the Court of Appeals Position 1","Judge of the Court of Appeals Position 1",8,"STEPHEN G FRENCH","REP",308146,""
"2018","Judge of the Court of Appeals Position 2","Judge of the Court of Appeals Position 2",9,"JACQUELINE R MEDINA","DEM",391429,"Winner"
"2018","Judge of the Court of Appeals Position 2","Judge of the Court of Appeals Position 2",9,"HANK BOHNHOFF","REP",285681,""
"2016","State Representative","District 1",1,"RODNEY D MONTOYA","REP",10717,"Winner"
"2016","State Representative","District 10",10,"G ANDRES ROMERO","DEM",4821,"Winner"
"2016","State Representative","District 10",10,"ROBERT A SCHILLER","IND",2337,""
"2016","State Representative","District 11",11,"JAVIER I MARTINEZ","DEM",10118,"Winner"
"2016","State Representative","District 12",12,"PATRICIO R RUILOBA","DEM",5036,"Winner"
"2016","State Representative","District 13",13,"PATRICIA A ROYBAL CABALLERO","DEM",5525,"Winner"
"2016","State Representative","District 14",14,"MIGUEL P GARCIA","DEM",6209,"Winner"
"2016","State Representative","District 15",15,"SARAH MAESTAS BARNES","REP",7358,"Winner"
"2016","State Representative","District 15",15,"ANE C ROMERO","DEM",6467,""
"2016","State Representative","District 16",16,"ANTONIO 'MOE' MAESTAS","DEM",8256,"Winner"
"2016","State Representative","District 17",17,"DEBORAH A ARMSTRONG","DEM",8640,"Winner"
"2016","State Representative","District 18",18,"GAIL CHASEY","DEM",9922,"Winner"
"2016","State Representative","District 19",19,"SHERYL M WILLIAMS STAPLETON","DEM",8289,"Winner"
"2016","State Representative","District 2",2,"JAMES RJ STRICKLER","REP",6083,"Winner"
"2016","State Representative","District 2",2,"KENNETH R ROBINSON","DEM",2369,""
"2016","State Representative","District 20",20,"JIM DINES","REP",7350,"Winner"
"2016","State Representative","District 20",20,"GIOVANNI ALEXANDER HAQANI","DEM",5389,""
"2016","State Representative","District 21",21,"DEBRA MARIE SARINANA","DEM",4685,"Winner"
"2016","State Representative","District 22",22,"JAMES E SMITH","REP",9630,"Winner"
"2016","State Representative","District 22",22,"JOHN M WALLACE","DEM",7510,""
"2016","State Representative","District 23",23,"PAUL A PACHECO","REP",7022,""
"2016","State Representative","District 23",23,"DAYMON B ELY","DEM",7127,"Winner"
"2016","State Representative","District 24",24,"CHRISTINA MARIE HALL","REP",6198,""
"2016","State Representative","District 24",24,"ELIZABETH L THOMSON","DEM",6798,"Winner"
"2016","State Representative","District 25",25,"CHRISTINE TRUJILLO","DEM",9807,"Winner"
"2016","State Representative","District 26",26,"GEORGENE LOUIS","DEM",4800,"Winner"
"2016","State Representative","District 27",27,"LORENZO A LARRAÑAGA","REP",9110,"Winner"
"2016","State Representative","District 27",27,"RONALD E KRISE","DEM",6457,""
"2016","State Representative","District 28",28,"JIMMIE C HALL","REP",10279,"Winner"
"2016","State Representative","District 29",29,"DAVID E ADKINS","REP",6977,"Winner"
"2016","State Representative","District 29",29,"RONNIE MARTINEZ","DEM",6968,""
"2016","State Representative","District 3",3,"PAUL C BANDY","REP",8299,"Winner"
"2016","State Representative","District 30",30,"NATE GENTRY","REP",6841,"Winner"
"2016","State Representative","District 30",30,"NATALIE R FIGUEROA","DEM",6267,""
"2016","State Representative","District 31",31,"WILLIAM R REHM","REP",10760,"Winner"
"2016","State Representative","District 31",31,"ROBERT L SCOTT","DEM",7051,""
"2016","State Representative","District 32",32,"VICKI K CHAVEZ","REP",4256,""
"2016","State Representative","District 32",32,"CANDIE G SWEETSER","DEM",4486,"Winner"
"2016","State Representative","District 33",33,"NEAL L HOOKS","REP",3619,""
"2016","State Representative","District 33",33,"BILL MCCAMLEY","DEM",6605,"Winner"
"2016","State Representative","District 34",34,"BEALQUIN BILL GOMEZ","DEM",5757,"Winner"
"2016","State Representative","District 35",35,"JOSEPH E BISHOP","REP",3782,""
"2016","State Representative","District 35",35,"ANGELICA RUBIO","DEM",6412,"Winner"
"2016","State Representative","District 36",36,"ANDREW ANDY NUNEZ","REP",4184,""
"2016","State Representative","District 36",36,"NATHAN P SMALL","DEM",5435,"Winner"
"2016","State Representative","District 37",37,"TERRY H MCMILLAN","REP",6760,""
"2016","State Representative","District 37",37,"JOANNE J FERRARY","DEM",7483,"Winner"
"2016","State Representative","District 38",38,"REBECCA L DOW","REP",7149,"Winner"
"2016","State Representative","District 38",38,"MARY E HOTVEDT","DEM",5900,""
"2016","State Representative","District 39",39,"JOHN L ZIMMERMAN","REP",4880,""
"2016","State Representative","District 39",39,"RODOLPHO S MARTINEZ","DEM",5103,"Winner"
"2016","State Representative","District 4",4,"SHARON E CLAHCHISCHILLIAGE","REP",5056,"Winner"
"2016","State Representative","District 4",4,"GLOJEAN B TODACHEENE","DEM",4257,""
"2016","State Representative","District 40",40,"NICK L SALAZAR","DEM",9038,"Winner"
"2016","State Representative","District 41",41,"DEBBIE A RODELLA","DEM",8088,"Winner"
"2016","State Representative","District 42",42,"ROBERTO 'BOBBY' JESSE GONZALES","DEM",10654,"Winner"
"2016","State Representative","District 43",43,"SHARON STOVER","REP",5910,""
"2016","State Representative","District 43",43,"STEPHANIE GARCIA RICHARD","DEM",8452,"Winner"
"2016","State Representative","District 44",44,"JANE E POWDRELL-CULBERT","REP",12245,"Winner"
"2016","State Representative","District 45",45,"JIM R TRUJILLO","DEM",9425,"Winner"
"2016","State Representative","District 46",46,"CARL TRUJILLO","DEM",11563,"Winner"
"2016","State Representative","District 47",47,"ROGER ANDREW GONZALES","REP",3675,""
"2016","State Representative","District 47",47,"BRIAN F EGOLF JR","DEM",13740,"Winner"
"2016","State Representative","District 48",48,"LINDA M TRUJILLO","DEM",10572,"Winner"
"2016","State Representative","District 49",49,"DON TRIPP","REP",8864,"Winner"
"2016","State Representative","District 5",5,"DOREEN W JOHNSON","DEM",7558,"Winner"
"2016","State Representative","District 50",50,"JEREMY RYAN TREMKO","REP",5805,""
"2016","State Representative","District 50",50,"MATTHEW MCQUEEN","DEM",8187,"Winner"
"2016","State Representative","District 51",51,"YVETTE S HERRELL","REP",6447,"Winner"
"2016","State Representative","District 51",51,"DENISE A LANG","DEM",3353,""
"2016","State Representative","District 52",52,"DOREEN YBARRA GALLEGOS","DEM",5796,"Winner"
"2016","State Representative","District 53",53,"RICKY L LITTLE","REP",2804,"Winner"
"2016","State Representative","District 53",53,"WILLIE A MADRID","DEM",2666,""
"2016","State Representative","District 54",54,"JAMES G TOWNSEND","REP",7098,"Winner"
"2016","State Representative","District 54",54,"FREDDIE JOE NICHOLS III","IND",2292,""
"2016","State Representative","District 55",55,"CATHRYNN N BROWN","REP",9280,"Winner"
"2016","State Representative","District 56",56,"ZACH J COOK","REP",7672,"Winner"
"2016","State Representative","District 57",57,"JASON CARL HARPER","REP",6117,"Winner"
"2016","State Representative","District 57",57,"DONNA I TILLMAN","DEM",5013,""
"2016","State Representative","District 58",58,"CANDY SPENCE EZZELL","REP",5001,"Winner"
"2016","State Representative","District 59",59,"GREG NIBERT","REP",8594,"Winner"
"2016","State Representative","District 59",59,"RICHARD JAMES GARCIA","DEM",3465,""
"2016","State Representative","District 6",6,"ELISEO LEE ALCON","DEM",6707,"Winner"
"2016","State Representative","District 60",60,"TIM D LEWIS","REP",9824,"Winner"
"2016","State Representative","District 61",61,"DAVID M GALLEGOS","REP",4735,"Winner"
"2016","State Representative","District 62",62,"LARRY R SCOTT","REP",7948,"Winner"
"2016","State Representative","District 63",63,"GEORGE DODGE JR","DEM",5142,"Winner"
"2016","State Representative","District 64",64,"RANDAL S CROWDER","REP",7732,"Winner"
"2016","State Representative","District 65",65,"DERRICK J LENTE","DEM",7162,"Winner"
"2016","State Representative","District 66",66,"BOB WOOLEY","REP",8427,"Winner"
"2016","State Representative","District 67",67,"DENNIS J ROCH","REP",8464,"Winner"
"2016","State Representative","District 68",68,"MONICA C YOUNGBLOOD","REP",9637,"Winner"
"2016","State Representative","District 69",69,"HARRY GARCIA","DEM",6155,"Winner"
"2016","State Representative","District 7",7,"KELLY K FAJARDO","REP",5149,"Winner"
"2016","State Representative","District 7",7,"ARTURO FIERRO","DEM",3964,""
"2016","State Representative","District 70",70,"TOMAS E SALAZAR","DEM",8125,"Winner"
"2016","State Representative","District 8",8,"ALONZO BALDONADO","REP",7251,"Winner"
"2016","State Representative","District 8",8,"JIM D DANNER","DEM",4493,""
"2016","State Representative","District 9",9,"PATRICIA 'PATTY' A LUNDSTROM","DEM",6446,"Winner"
"2016","State Senator","District 1",1,"WILLIAM E SHARER","REP",11170,"Winner"
"2016","State Senator","District 1",1,"REBECCA MORGAN","DEM",4834,""
"2016","State Senator","District 10",10,"CANDACE RUTH GOULD","REP",10530,"Winner"
"2016","State Senator","District 10",10,"DAVID J SIMON","DEM",10151,""
"2016","State Senator","District 11",11,"LINDA M LOPEZ","DEM",8776,"Winner"
"2016","State Senator","District 12",12,"GERALD P ORTIZ Y PINO","DEM",12922,"Winner"
"2016","State Senator","District 13",13,"AUBREY B DUNN","REP",7294,""
"2016","State Senator","District 13",13,"BILL B O'NEILL","DEM",14089,"Winner"
"2016","State Senator","District 14",14,"MICHAEL PADILLA","DEM",9668,"Winner"
"2016","State Senator","District 15",15,"ERIC LYON BURTON","REP",8981,""
"2016","State Senator","District 15",15,"DANIEL A IVEY-SOTO","DEM",11321,"Winner"
"2016","State Senator","District 16",16,"CISCO MCSORLEY","DEM",16721,"Winner"
"2016","State Senator","District 17",17,"MIMI STEWART","DEM",8456,"Winner"
"2016","State Senator","District 18",18,"LISA TORRACO","REP",11750,""
"2016","State Senator","District 18",18,"BILL G TALLMAN","DEM",12203,"Winner"
"2016","State Senator","District 19",19,"JAMES P WHITE","REP",14905,"Winner"
"2016","State Senator","District 19",19,"HAROLD W MURPHREE","DEM",9415,""
"2016","State Senator","District 2",2,"STEVEN P NEVILLE","REP",15057,"Winner"
"2016","State Senator","District 20",20,"WILLIAM H PAYNE","REP",16893,"Winner"
"2016","State Senator","District 21",21,"MARK DAVID MOORES","REP",14164,"Winner"
"2016","State Senator","District 21",21,"GREGORY B FRAZIER","DEM",11087,""
"2016","State Senator","District 22",22,"BENNY SHENDO JR","DEM",12472,"Winner"
"2016","State Senator","District 23",23,"SANDER RUE","REP",11794,"Winner"
"2016","State Senator","District 23",23,"JOY I GARRATT","DEM",11001,""
"2016","State Senator","District 24",24,"NANCY RODRIGUEZ","DEM",16155,"Winner"
"2016","State Senator","District 25",25,"PETER WIRTH","DEM",26958,"Winner"
"2016","State Senator","District 26",26,"JACOB CANDELARIA","DEM",11330,"Winner"
"2016","State Senator","District 27",27,"STUART INGLE","REP",12589,"Winner"
"2016","State Senator","District 28",28,"HOWIE C MORALES","DEM",15063,"Winner"
"2016","State Senator","District 29",29,"GREGORY A BACA","REP",8965,"Winner"
"2016","State Senator","District 29",29,"MICHAEL S SANCHEZ","DEM",7348,""
"2016","State Senator","District 3",3,"JOHN PINTO","DEM",12519,"Winner"
"2016","State Senator","District 30",30,"CLEMENTE SANCHEZ","DEM",11973,"Winner"
"2016","State Senator","District 31",31,"JOSEPH CERVANTES","DEM",9443,"Winner"
"2016","State Senator","District 32",32,"CLIFF R PIRTLE","REP",8480,"Winner"
"2016","State Senator","District 33",33,"WILLIAM F BURT","REP",14648,"Winner"
"2016","State Senator","District 34",34,"RON GRIGGS","REP",11542,"Winner"
"2016","State Senator","District 35",35,"JOHN ARTHUR SMITH","DEM",12502,"Winner"
"2016","State Senator","District 36",36,"LEE S COTTER","REP",7158,""
"2016","State Senator","District 36",36,"JEFF STEINBORN","DEM",10579,"Winner"
"2016","State Senator","District 37",37,"CECELIA H LEVATINO","REP",9131,""
"2016","State Senator","District 37",37,"WILLIAM P SOULES","DEM",11374,"Winner"
"2016","State Senator","District 38",38,"CHARLES R WENDLER","REP",4713,""
"2016","State Senator","District 38",38,"MARY KAY PAPEN","DEM",9588,"Winner"
"2016","State Senator","District 39",39,"ELIZABETH LIZ STEFANICS","DEM",9622,"Winner"
"2016","State Senator","District 4",4,"GEORGE K MUNOZ","DEM",12029,"Winner"
"2016","State Senator","District 40",40,"CRAIG W BRANDT","REP",12490,"Winner"
"2016","State Senator","District 40",40,"LINDA SANCHEZ ALLISON","DEM",10099,""
"2016","State Senator","District 41",41,"CARROLL H LEAVELL","REP",9006,"Winner"
"2016","State Senator","District 42",42,"GAY G KERNAN","REP",15206,"Winner"
"2016","State Senator","District 5",5,"RICHARD C MARTINEZ","DEM",15535,"Winner"
"2016","State Senator","District 6",6,"CARLOS R CISNEROS","DEM",17697,"Winner"
"2016","State Senator","District 7",7,"JOHN PATRICK WOODS","REP",12778,"Winner"
"2016","State Senator","District 8",8,"PETE CAMPOS","DEM",14258,"Winner"
"2016","State Senator","District 9",9,"DIEGO L ESPINOZA","REP",12534,""
"2016","State Senator","District 9",9,"JOHN M SAPIEN","DEM",12724,"Winner"
"2016","President and Vice President of the United States","President and Vice President of the United States",1,"DONALD J TRUMP AND MICHAEL R PENCE","REP",319667,""
"2016","President and Vice President of the United States","President and Vice President of the United States",1,"HILLARY RODHAM CLINTON AND TIMOTHY MICHAEL KAINE","DEM",385234,"Winner"
"2016","President and Vice President of the United States","President and Vice President of the United States",1,"GLORIA LA RIVA AND DENNIS BANKS","SLN",1184,""
"2016","President and Vice President of the United States","President and Vice President of the United States",1,"GARY JOHNSON AND BILL WELD","LIB",74541,""
"2016","President and Vice President of the United States","President and Vice President of the United States",1,"DARRELL CASTLE AND SCOTT BRADLEY","CON",1514,""
"2016","President and Vice President of the United States","President and Vice President of the United States",1,"JILL STEIN AND AJAMU BARAKA","GRN",9879,""
"2016","President and Vice President of the United States","President and Vice President of the United States",1,"EVAN MCMULLIN AND NATHAN JOHNSON","BFA",5825,""
"2016","United States Representative","District 1",2,"RICHARD GREGORY PRIEM","REP",96879,""
"2016","United States Representative","District 1",2,"MICHELLE LUJAN GRISHAM","DEM",181088,"Winner"
"2016","United States Representative","District 2",3,"STEVE PEARCE","REP",143515,"Winner"
"2016","United States Representative","District 2",3,"MERRIE LEE SOULES","DEM",85232,""
"2016","United States Representative","District 2",3,"JACK A MCGRANN (write in)","REP",70,""
"2016","United States Representative","District 3",4,"MICHAEL H ROMERO","REP",102730,""
"2016","United States Representative","District 3",4,"BEN R LUJAN","DEM",170612,"Winner"
"2016","Secretary of State","Secretary of State",1,"NORA ESPINOZA","REP",334733,""
"2016","Secretary of State","Secretary of State",1,"MAGGIE TOULOUSE OLIVER","DEM",433227,"Winner"
"2016","Justice of the Supreme Court","Justice of the Supreme Court",2,"JUDITH K NAKAMURA","REP",396303,"Winner"
"2016","Justice of the Supreme Court","Justice of the Supreme Court",2,"MICHAEL E VIGIL","DEM",365790,""
"2016","Judge of the Court of Appeals","Judge of the Court of Appeals",3,"STEPHEN G FRENCH","REP",357837,""
"2016","Judge of the Court of Appeals","Judge of the Court of Appeals",3,"JULIE J VARGAS","DEM",395227,"Winner"
"2014","State Representative","District 1",1,"RODNEY D MONTOYA","REP",5971,"Winner"
"2014","State Representative","District 1",1,"ALFRED GORDON GLASS JR","DEM",2231,""
"2014","State Representative","District 10",10,"G ANDRES ROMERO","DEM",2463,"Winner"
"2014","State Representative","District 10",10,"ROBERT A SCHILLER","IND",1779,""
"2014","State Representative","District 11",11,"JAVIER I MARTINEZ","DEM",6413,"Winner"
"2014","State Representative","District 12",12,"PATRICIO R RUILOBA","DEM",2779,"Winner"
"2014","State Representative","District 13",13,"PATRICIA A ROYBAL CABALLERO","DEM",2524,"Winner"
"2014","State Representative","District 14",14,"ROBERT W CHAVEZ","REP",1392,""
"2014","State Representative","District 14",14,"MIGUEL P GARCIA","DEM",3154,"Winner"
"2014","State Representative","District 15",15,"SARAH MAESTAS BARNES","REP",4816,"Winner"
"2014","State Representative","District 15",15,"EMILY A KANE","DEM",4460,""
"2014","State Representative","District 16",16,"JOHNNY F LUÉVANO JR","REP",3144,""
"2014","State Representative","District 16",16,"ANTONIO 'MOE' MAESTAS","DEM",4112,"Winner"
"2014","State Representative","District 17",17,"DEBORAH A ARMSTRONG","DEM",5433,"Winner"
"2014","State Representative","District 18",18,"GAIL CHASEY","DEM",6423,"Winner"
"2014","State Representative","District 19",19,"SHERYL M WILLIAMS STAPLETON","DEM",5496,"Winner"
"2014","State Representative","District 2",2,"JAMES R J STRICKLER","REP",3867,"Winner"
"2014","State Representative","District 2",2,"NATHAN E THOMPSON","DEM",1179,""
"2014","State Representative","District 20",20,"JAMES MITCHELL DINES","REP",4688,"Winner"
"2014","State Representative","District 20",20,"JOSH R ANDERSON","DEM",3868,""
"2014","State Representative","District 21",21,"MIMI STEWART","DEM",2565,"Winner"
"2014","State Representative","District 22",22,"JAMES E SMITH","REP",7277,"Winner"
"2014","State Representative","District 22",22,"JOHN M WALLACE","DEM",4978,""
"2014","State Representative","District 23",23,"PAUL A PACHECO","REP",5139,"Winner"
"2014","State Representative","District 23",23,"CATHERINE A BEGAYE","DEM",3955,""
"2014","State Representative","District 24",24,"CONRAD D JAMES","REP",4433,"Winner"
"2014","State Representative","District 24",24,"ELIZABETH L THOMSON","DEM",4059,""
"2014","State Representative","District 25",25,"MARIANNE COSTELLO","REP",3353,""
"2014","State Representative","District 25",25,"CHRISTINE TRUJILLO","DEM",5140,"Winner"
"2014","State Representative","District 26",26,"LOUIS TAFOYA","REP",1601,""
"2014","State Representative","District 26",26,"GEORGENE LOUIS","DEM",2003,"Winner"
"2014","State Representative","District 27",27,"LORENZO A LARRAÑAGA","REP",6275,"Winner"
"2014","State Representative","District 27",27,"WILLIAM B PRATT","IND",4088,""
"2014","State Representative","District 28",28,"JIMMIE C HALL","REP",7245,"Winner"
"2014","State Representative","District 29",29,"DAVID EDWARD ADKINS","REP",4027,"Winner"
"2014","State Representative","District 29",29,"RONNIE MARTINEZ","DEM",3470,""
"2014","State Representative","District 3",3,"PAUL C BANDY","REP",5168,"Winner"
"2014","State Representative","District 30",30,"NATE GENTRY","REP",4760,"Winner"
"2014","State Representative","District 30",30,"ROBERT M COFFEY JR","DEM",3999,""
"2014","State Representative","District 31",31,"WILLIAM R REHM","REP",9043,"Winner"
"2014","State Representative","District 32",32,"TOM BILL BLACK","REP",2874,""
"2014","State Representative","District 32",32,"DONA G IRWIN","DEM",3249,"Winner"
"2014","State Representative","District 33",33,"NEAL L HOOKS","REP",2646,""
"2014","State Representative","District 33",33,"BILL MCCAMLEY","DEM",3585,"Winner"
"2014","State Representative","District 34",34,"BEALQUIN BILL GOMEZ","DEM",2482,"Winner"
"2014","State Representative","District 35",35,"BETTY J BISHOP","REP",2657,""
"2014","State Representative","District 35",35,"JEFF STEINBORN","DEM",3540,"Winner"
"2014","State Representative","District 36",36,"ANDREW ANDY NUNEZ","REP",3113,"Winner"
"2014","State Representative","District 36",36,"PHILLIP M ARCHULETA","DEM",2646,""
"2014","State Representative","District 37",37,"TERRY H MCMILLAN","REP",4692,"Winner"
"2014","State Representative","District 37",37,"JOANNE J FERRARY","DEM",4283,""
"2014","State Representative","District 38",38,"DIANNE HAMILTON","REP",5593,"Winner"
"2014","State Representative","District 38",38,"TERRY D FORTENBERRY","DEM",4087,""
"2014","State Representative","District 39",39,"JOHN L ZIMMERMAN","REP",3611,"Winner"
"2014","State Representative","District 39",39,"RODOLPHO S MARTINEZ","DEM",3267,""
"2014","State Representative","District 4",4,"SHARON CLAHCHISCHILLIAGE","REP",3785,"Winner"
"2014","State Representative","District 4",4,"HARRISON TODACHEENE","DEM",2549,""
"2014","State Representative","District 40",40,"JAMES R GALLEGOS","REP",2928,""
"2014","State Representative","District 40",40,"NICK L SALAZAR","DEM",5883,"Winner"
"2014","State Representative","District 41",41,"DEBBIE A RODELLA","DEM",4951,"Winner"
"2014","State Representative","District 42",42,"ROBERTO 'BOBBY' JESSE GONZALES","DEM",7738,"Winner"
"2014","State Representative","District 43",43,"GEOFF RODGERS","REP",4522,""
"2014","State Representative","District 43",43,"STEPHANIE GARCIA RICHARD","DEM",5955,"Winner"
"2014","State Representative","District 44",44,"JANE E POWDRELL- CULBERT","REP",7594,"Winner"
"2014","State Representative","District 45",45,"JIM R TRUJILLO","DEM",6264,"Winner"
"2014","State Representative","District 46",46,"CARL TRUJILLO","DEM",8015,"Winner"
"2014","State Representative","District 47",47,"BRIAN F EGOLF JR","DEM",9770,"Winner"
"2014","State Representative","District 48",48,"LUCIANO 'LUCKY' VARELA","DEM",7020,"Winner"
"2014","State Representative","District 49",49,"DON TRIPP","REP",6053,"Winner"
"2014","State Representative","District 49",49,"ERIK GALE HAWKES","DEM",2427,""
"2014","State Representative","District 5",5,"DOREEN W JOHNSON","DEM",4807,"Winner"
"2014","State Representative","District 5",5,"SANDRA D JEFF (write in)","DEM",763,""
"2014","State Representative","District 50",50,"VICKIE S PEREA","REP",4727,""
"2014","State Representative","District 50",50,"MATTHEW MCQUEEN","DEM",5546,"Winner"
"2014","State Representative","District 51",51,"YVETTE HERRELL","REP",5209,"Winner"
"2014","State Representative","District 52",52,"DOREEN Y GALLEGOS","DEM",3179,"Winner"
"2014","State Representative","District 53",53,"RICKY L LITTLE","REP",1708,"Winner"
"2014","State Representative","District 53",53,"MARIAELENA JOHNSON","DEM",1050,""
"2014","State Representative","District 54",54,"JAMES G TOWNSEND","REP",5045,"Winner"
"2014","State Representative","District 55",55,"CATHRYNN N BROWN","REP",5353,"Winner"
"2014","State Representative","District 55",55,"CHRISTY K THOMAS","DEM",1688,""
"2014","State Representative","District 56",56,"ZACH J COOK","REP",5202,"Winner"
"2014","State Representative","District 57",57,"JASON CARL HARPER","REP",3517,"Winner"
"2014","State Representative","District 57",57,"DONNA I TILLMAN","DEM",2391,""
"2014","State Representative","District 58",58,"CANDY SPENCE EZZELL","REP",2972,"Winner"
"2014","State Representative","District 59",59,"NORA ESPINOZA","REP",6481,"Winner"
"2014","State Representative","District 59",59,"RICHARD D MASTIN","DEM",2093,""
"2014","State Representative","District 6",6,"ELISEO LEE ALCON","DEM",4512,"Winner"
"2014","State Representative","District 6",6,"SHELLY C CHIMONI (write in)","DEM",69,""
"2014","State Representative","District 60",60,"TIM LEWIS","REP",4885,"Winner"
"2014","State Representative","District 60",60,"LINDA SANCHEZ ALLISON","DEM",2822,""
"2014","State Representative","District 61",61,"DAVID M GALLEGOS","REP",2425,"Winner"
"2014","State Representative","District 62",62,"LARRY R SCOTT","REP",4395,"Winner"
"2014","State Representative","District 63",63,"GEORGE DODGE JR","DEM",3882,"Winner"
"2014","State Representative","District 64",64,"RANDAL S CROWDER","REP",4778,"Winner"
"2014","State Representative","District 65",65,"JAMES R MADALENA","DEM",4744,"Winner"
"2014","State Representative","District 66",66,"BOB WOOLEY","REP",5492,"Winner"
"2014","State Representative","District 67",67,"DENNIS J ROCH","REP",6676,"Winner"
"2014","State Representative","District 68",68,"MONICA C YOUNGBLOOD","REP",5663,"Winner"
"2014","State Representative","District 69",69,"W KEN MARTINEZ","DEM",4701,"Winner"
"2014","State Representative","District 7",7,"KELLY K FAJARDO","REP",3514,"Winner"
"2014","State Representative","District 7",7,"TERESA KE SMITH DE CHERIF","DEM",2642,""
"2014","State Representative","District 70",70,"TOMAS E SALAZAR","DEM",6276,"Winner"
"2014","State Representative","District 8",8,"ALONZO BALDONADO","REP",4770,"Winner"
"2014","State Representative","District 8",8,"FRANK A OTERO","DEM",3353,""
"2014","State Representative","District 9",9,"PATRICIA 'PATTY' A LUNDSTROM","DEM",4437,"Winner"
"2014","United States Senator","United States Senator",1,"ALLEN E WEH","REP",229097,""
"2014","United States Senator","United States Senator",1,"TOM UDALL","DEM",286409,"Winner"
"2014","United States Representative","District 1",2,"MICHAEL H FRESE","REP",74558,""
"2014","United States Representative","District 1",2,"MICHELLE LUJAN GRISHAM","DEM",105474,"Winner"
"2014","United States Representative","District 2",3,"STEVE PEARCE","REP",95209,"Winner"
"2014","United States Representative","District 2",3,"ROXANNE 'ROCKY' LARA","DEM",52499,""
"2014","United States Representative","District 2",3,"JACK A MCGRANN (write in)","REP",69,""
"2014","United States Representative","District 3",4,"JEFFERSON L BYRD","REP",70775,""
"2014","United States Representative","District 3",4,"BEN R LUJAN","DEM",113249,"Winner"
"2014","United States Representative","District 3",4,"THOMAS F HOOK (write in)","REP",52,""
"2014","Governor and Lieutenant Governor","Governor and Lieutenant Governor",1,"SUSANA MARTINEZ - JOHN A SANCHEZ","REP",293443,"Winner"
"2014","Governor and Lieutenant Governor","Governor and Lieutenant Governor",1,"GARY K KING - DEBRA A HAALAND","DEM",219362,""
"2014","Secretary of State","Secretary of State",2,"MAGGIE TOULOUSE OLIVER","DEM",245508,""
"2014","Secretary of State","Secretary of State",2,"DIANNA J DURAN","REP",262117,"Winner"
"2014","State Auditor","State Auditor",3,"ROBERT J ARAGON","REP",228019,""
"2014","State Auditor","State Auditor",3,"TIMOTHY M KELLER","DEM",270386,"Winner"
"2014","State Treasurer","State Treasurer",4,"TIM EICHENBERG","DEM",261203,"Winner"
"2014","State Treasurer","State Treasurer",4,"RICK J LOPEZ","REP",236699,""
"2014","Attorney General","Attorney General",5,"SUSAN M RIEDEL","REP",211303,""
"2014","Attorney General","Attorney General",5,"HECTOR BALDERAS","DEM",295008,"Winner"
"2014","Commissioner of Public Lands","Commissioner of Public Lands",6,"RAY BENNETT POWELL","DEM",249337,""
"2014","Commissioner of Public Lands","Commissioner of Public Lands",6,"AUBREY DUNN","REP",249993,"Winner"
"2014","Judge of the Court of Appeals","Judge of the Court of Appeals",7,"KERRY C KIERNAN","DEM",238124,""
"2014","Judge of the Court of Appeals","Judge of the Court of Appeals",7,"J MILES HANISEE","REP",246845,"Winner"
